-- phpMyAdmin SQL Dump
-- version 5.0.2
-- https://www.phpmyadmin.net/
--
-- Host: 127.0.0.1
-- Waktu pembuatan: 06 Jan 2022 pada 04.45
-- Versi server: 10.4.11-MariaDB
-- Versi PHP: 7.2.29

SET SQL_MODE = "NO_AUTO_VALUE_ON_ZERO";
START TRANSACTION;
SET time_zone = "+00:00";


/*!40101 SET @OLD_CHARACTER_SET_CLIENT=@@CHARACTER_SET_CLIENT */;
/*!40101 SET @OLD_CHARACTER_SET_RESULTS=@@CHARACTER_SET_RESULTS */;
/*!40101 SET @OLD_COLLATION_CONNECTION=@@COLLATION_CONNECTION */;
/*!40101 SET NAMES utf8mb4 */;

--
-- Database: `db_imas`
--

-- --------------------------------------------------------

--
-- Struktur dari tabel `tb_admin`
--

CREATE TABLE `tb_admin` (
  `id_admin` int(11) NOT NULL,
  `nama_lengkap` varchar(50) NOT NULL,
  `username` varchar(50) NOT NULL,
  `password` varchar(100) NOT NULL,
  `aktif` varchar(5) NOT NULL,
  `foto` varchar(225) NOT NULL
) ENGINE=InnoDB DEFAULT CHARSET=latin1;

--
-- Dumping data untuk tabel `tb_admin`
--

INSERT INTO `tb_admin` (`id_admin`, `nama_lengkap`, `username`, `password`, `aktif`, `foto`) VALUES
(1, 'Royhan Muhammad', 'admin@gmail.com', 'd033e22ae348aeb5660fc2140aec35850c4da997', 'Y', '495-4952535_create-digital-profile-icon-blue-user-profile-icon.png');

-- --------------------------------------------------------

--
-- Struktur dari tabel `tb_guru`
--

CREATE TABLE `tb_guru` (
  `id_guru` int(11) NOT NULL,
  `nip` varchar(15) NOT NULL,
  `nama_guru` varchar(120) NOT NULL,
  `email` varchar(65) NOT NULL,
  `password` varchar(100) NOT NULL,
  `foto` varchar(255) NOT NULL,
  `status` varchar(5) NOT NULL
) ENGINE=InnoDB DEFAULT CHARSET=latin1;

--
-- Dumping data untuk tabel `tb_guru`
--

INSERT INTO `tb_guru` (`id_guru`, `nip`, `nama_guru`, `email`, `password`, `foto`, `status`) VALUES
(10, '001', 'Munawir S.ST., M.T', 'munawir@gmail.com', 'e193a01ecf8d30ad0affefd332ce934e32ffce72', '495-4952535_create-digital-profile-icon-blue-user-profile-icon.png', 'Y');

-- --------------------------------------------------------

--
-- Struktur dari tabel `tb_kepsek`
--

CREATE TABLE `tb_kepsek` (
  `id_kepsek` int(11) NOT NULL,
  `nip` varchar(15) NOT NULL,
  `nama_kepsek` varchar(120) NOT NULL,
  `email` varchar(65) NOT NULL,
  `password` varchar(100) NOT NULL,
  `foto` varchar(255) NOT NULL,
  `status` varchar(5) NOT NULL
) ENGINE=InnoDB DEFAULT CHARSET=utf8mb4;

--
-- Dumping data untuk tabel `tb_kepsek`
--

INSERT INTO `tb_kepsek` (`id_kepsek`, `nip`, `nama_kepsek`, `email`, `password`, `foto`, `status`) VALUES
(2, '001', 'Nurul Fadillah', 'rm624834@gmail.com', 'e193a01ecf8d30ad0affefd332ce934e32ffce72', '355-3553881_stockvader-predicted-adig-user-profile-icon-png-clipart.jpg', 'Y');

-- --------------------------------------------------------

--
-- Struktur dari tabel `tb_master_mapel`
--

CREATE TABLE `tb_master_mapel` (
  `id_mapel` int(11) NOT NULL,
  `kode_mapel` varchar(40) NOT NULL,
  `mapel` varchar(60) NOT NULL
) ENGINE=InnoDB DEFAULT CHARSET=latin1;

--
-- Dumping data untuk tabel `tb_master_mapel`
--

INSERT INTO `tb_master_mapel` (`id_mapel`, `kode_mapel`, `mapel`) VALUES
(9, 'FIF-502', 'REKAYASA PERANGKAT LUNAK');

-- --------------------------------------------------------

--
-- Struktur dari tabel `tb_mengajar`
--

CREATE TABLE `tb_mengajar` (
  `id_mengajar` int(11) NOT NULL,
  `kode_pelajaran` varchar(30) NOT NULL,
  `hari` varchar(40) NOT NULL,
  `jam_mengajar` varchar(60) NOT NULL,
  `jamke` varchar(11) NOT NULL,
  `id_guru` int(11) NOT NULL,
  `id_mapel` int(11) NOT NULL,
  `id_mkelas` int(11) NOT NULL,
  `id_semester` int(11) NOT NULL,
  `id_thajaran` int(11) NOT NULL
) ENGINE=InnoDB DEFAULT CHARSET=latin1;

--
-- Dumping data untuk tabel `tb_mengajar`
--

INSERT INTO `tb_mengajar` (`id_mengajar`, `kode_pelajaran`, `hari`, `jam_mengajar`, `jamke`, `id_guru`, `id_mapel`, `id_mkelas`, `id_semester`, `id_thajaran`) VALUES
(15, 'FIF-1641393458', 'Rabu', '21.35-22.00', '8-10', 10, 9, 9, 9, 7),
(16, 'FIF-001', 'Selasa', '08.00-10.30', '1-4', 10, 9, 10, 9, 7);

-- --------------------------------------------------------

--
-- Struktur dari tabel `tb_mkelas`
--

CREATE TABLE `tb_mkelas` (
  `id_mkelas` int(11) NOT NULL,
  `kd_kelas` varchar(40) NOT NULL,
  `nama_kelas` varchar(40) NOT NULL
) ENGINE=InnoDB DEFAULT CHARSET=latin1;

--
-- Dumping data untuk tabel `tb_mkelas`
--

INSERT INTO `tb_mkelas` (`id_mkelas`, `kd_kelas`, `nama_kelas`) VALUES
(9, 'FIF-01-2020', 'Informatika S1 02 (20)'),
(10, 'FIF-001', 'Informatika S1 01 (20)');

-- --------------------------------------------------------

--
-- Struktur dari tabel `tb_semester`
--

CREATE TABLE `tb_semester` (
  `id_semester` int(11) NOT NULL,
  `semester` varchar(45) NOT NULL,
  `status` int(10) NOT NULL
) ENGINE=InnoDB DEFAULT CHARSET=latin1;

--
-- Dumping data untuk tabel `tb_semester`
--

INSERT INTO `tb_semester` (`id_semester`, `semester`, `status`) VALUES
(4, 'I', 0),
(5, 'II', 0),
(6, 'III', 0),
(7, 'IV', 0),
(8, 'V', 0),
(9, 'VI', 1),
(10, 'VII', 0),
(11, 'VIII', 0),
(12, 'IX', 0),
(13, 'X', 0),
(14, 'XI', 0),
(15, 'XII', 0);

-- --------------------------------------------------------

--
-- Struktur dari tabel `tb_siswa`
--

CREATE TABLE `tb_siswa` (
  `id_siswa` int(11) NOT NULL,
  `nis` varchar(60) NOT NULL,
  `nama_siswa` varchar(120) NOT NULL,
  `tempat_lahir` varchar(100) NOT NULL,
  `tgl_lahir` date NOT NULL,
  `jk` varchar(30) NOT NULL,
  `alamat` text NOT NULL,
  `password` varchar(255) NOT NULL,
  `foto` varchar(255) NOT NULL,
  `status` varchar(15) NOT NULL,
  `th_angkatan` year(4) NOT NULL,
  `id_mkelas` int(11) NOT NULL
) ENGINE=InnoDB DEFAULT CHARSET=latin1;

--
-- Dumping data untuk tabel `tb_siswa`
--

INSERT INTO `tb_siswa` (`id_siswa`, `nis`, `nama_siswa`, `tempat_lahir`, `tgl_lahir`, `jk`, `alamat`, `password`, `foto`, `status`, `th_angkatan`, `id_mkelas`) VALUES
(7, '200504023', 'Royhan Muhammad Putra Daulay', 'Binjai', '2002-05-20', 'L', 'Dusun Abadi Pondok Keumuning, lr. 2', '15b8a85cd3fafab532db0c6132ff97ef8ef19f8c', 'Royhan Muhammad.jpg', '1', 2020, 9),
(8, '200504021', 'Riki Alwi', 'Langsa', '2001-10-10', 'L', 'Aceh Tamiang', '9eb9213d7fc8280ca789646d45e8501681cceaf7', 'IMG_20210102_095508.png', '1', 2020, 10),
(9, '200504011', 'Rizky Dhea Hariska', 'Langsa', '2002-02-23', 'L', 'Dusun Sentosa Desa Pelita Sagop Jaya Kec. Indra Makmu Kab. Aceh Timur - Aceh', '96be0686691fb204ab3798a9e31292b47027e7d9', 'Rizky Dhea Hariska.jpg', '1', 2020, 9),
(10, '200504010', 'Riswandi', 'Jambur Padang Mati', '2001-07-23', 'L', 'Desa Jambur Padang Matinggi Kec. Panyabungan Utara Kab. Mandailing Natal - Sumatera Utara', 'f8669e164c05dc73ce43a2bfee8044f9ebe23d6a', '200504010.jpg', '1', 2020, 10),
(11, '200504029', 'Naimatun Nafsi', 'Teulaga Meuku SA', '2002-07-27', 'L', 'Jl. Sungai Iyu, Dsn Ujung Leubat Gp. Telaga Meuku SA Kec. Banda Mulia Kab. Aceh Tamiang - Aceh', '01db5a1a9e1ff5b995f80b5b51936dd53506eefb', 'Naimatun Nafsi.jpg', '1', 2020, 9),
(12, '200504016', 'Hafiz', 'Kota Langsa', '2002-01-04', 'L', 'Jl. Ahmad Yani Gampong Baro Gg. Seni', '2d0d9d6cd1cb7732f2bdff1b5594cbf3ef290879', '200504016-1.jpg', '1', 2020, 10),
(13, '200504024', 'Yulia Sari', 'Paya Rahat', '2002-10-03', 'P', 'Banda Mulia Kab Aceh Tamiang', '600f2ef9642746022300ddf8d320b1a2e31c5b57', 'yulia sari.jpg', '1', 2020, 10);

-- --------------------------------------------------------

--
-- Struktur dari tabel `tb_thajaran`
--

CREATE TABLE `tb_thajaran` (
  `id_thajaran` int(11) NOT NULL,
  `tahun_ajaran` varchar(30) NOT NULL,
  `status` int(11) NOT NULL
) ENGINE=InnoDB DEFAULT CHARSET=latin1;

--
-- Dumping data untuk tabel `tb_thajaran`
--

INSERT INTO `tb_thajaran` (`id_thajaran`, `tahun_ajaran`, `status`) VALUES
(7, '2021/2022', 1),
(8, '2022/2023', 0);

-- --------------------------------------------------------

--
-- Struktur dari tabel `tb_walikelas`
--

CREATE TABLE `tb_walikelas` (
  `id_walikelas` int(11) NOT NULL,
  `id_guru` int(11) NOT NULL,
  `id_mkelas` int(11) NOT NULL
) ENGINE=InnoDB DEFAULT CHARSET=latin1;

--
-- Dumping data untuk tabel `tb_walikelas`
--

INSERT INTO `tb_walikelas` (`id_walikelas`, `id_guru`, `id_mkelas`) VALUES
(1, 2, 1),
(2, 1, 2),
(3, 5, 3),
(4, 6, 1),
(5, 8, 2),
(6, 10, 9);

-- --------------------------------------------------------

--
-- Struktur dari tabel `_logabsensi`
--

CREATE TABLE `_logabsensi` (
  `id_presensi` int(11) NOT NULL,
  `id_mengajar` int(11) NOT NULL,
  `id_siswa` int(11) NOT NULL,
  `tgl_absen` date NOT NULL,
  `ket` enum('H','I','S','T','A','C') NOT NULL,
  `pertemuan_ke` varchar(30) NOT NULL
) ENGINE=InnoDB DEFAULT CHARSET=latin1;

--
-- Dumping data untuk tabel `_logabsensi`
--

INSERT INTO `_logabsensi` (`id_presensi`, `id_mengajar`, `id_siswa`, `tgl_absen`, `ket`, `pertemuan_ke`) VALUES
(23, 15, 7, '2022-01-05', 'H', '1'),
(24, 15, 8, '2022-01-05', 'S', '1'),
(25, 15, 7, '2022-01-06', 'H', '2'),
(26, 15, 8, '2022-01-06', 'H', '2');

--
-- Indexes for dumped tables
--

--
-- Indeks untuk tabel `tb_admin`
--
ALTER TABLE `tb_admin`
  ADD PRIMARY KEY (`id_admin`);

--
-- Indeks untuk tabel `tb_guru`
--
ALTER TABLE `tb_guru`
  ADD PRIMARY KEY (`id_guru`);

--
-- Indeks untuk tabel `tb_kepsek`
--
ALTER TABLE `tb_kepsek`
  ADD PRIMARY KEY (`id_kepsek`);

--
-- Indeks untuk tabel `tb_master_mapel`
--
ALTER TABLE `tb_master_mapel`
  ADD PRIMARY KEY (`id_mapel`);

--
-- Indeks untuk tabel `tb_mengajar`
--
ALTER TABLE `tb_mengajar`
  ADD PRIMARY KEY (`id_mengajar`),
  ADD KEY `id_mapel` (`id_mapel`),
  ADD KEY `id_guru` (`id_guru`);

--
-- Indeks untuk tabel `tb_mkelas`
--
ALTER TABLE `tb_mkelas`
  ADD PRIMARY KEY (`id_mkelas`);

--
-- Indeks untuk tabel `tb_semester`
--
ALTER TABLE `tb_semester`
  ADD PRIMARY KEY (`id_semester`);

--
-- Indeks untuk tabel `tb_siswa`
--
ALTER TABLE `tb_siswa`
  ADD PRIMARY KEY (`id_siswa`);

--
-- Indeks untuk tabel `tb_thajaran`
--
ALTER TABLE `tb_thajaran`
  ADD PRIMARY KEY (`id_thajaran`);

--
-- Indeks untuk tabel `tb_walikelas`
--
ALTER TABLE `tb_walikelas`
  ADD PRIMARY KEY (`id_walikelas`),
  ADD KEY `id_guru` (`id_guru`);

--
-- Indeks untuk tabel `_logabsensi`
--
ALTER TABLE `_logabsensi`
  ADD PRIMARY KEY (`id_presensi`);

--
-- AUTO_INCREMENT untuk tabel yang dibuang
--

--
-- AUTO_INCREMENT untuk tabel `tb_admin`
--
ALTER TABLE `tb_admin`
  MODIFY `id_admin` int(11) NOT NULL AUTO_INCREMENT, AUTO_INCREMENT=2;

--
-- AUTO_INCREMENT untuk tabel `tb_guru`
--
ALTER TABLE `tb_guru`
  MODIFY `id_guru` int(11) NOT NULL AUTO_INCREMENT, AUTO_INCREMENT=11;

--
-- AUTO_INCREMENT untuk tabel `tb_kepsek`
--
ALTER TABLE `tb_kepsek`
  MODIFY `id_kepsek` int(11) NOT NULL AUTO_INCREMENT, AUTO_INCREMENT=3;

--
-- AUTO_INCREMENT untuk tabel `tb_master_mapel`
--
ALTER TABLE `tb_master_mapel`
  MODIFY `id_mapel` int(11) NOT NULL AUTO_INCREMENT, AUTO_INCREMENT=10;

--
-- AUTO_INCREMENT untuk tabel `tb_mengajar`
--
ALTER TABLE `tb_mengajar`
  MODIFY `id_mengajar` int(11) NOT NULL AUTO_INCREMENT, AUTO_INCREMENT=17;

--
-- AUTO_INCREMENT untuk tabel `tb_mkelas`
--
ALTER TABLE `tb_mkelas`
  MODIFY `id_mkelas` int(11) NOT NULL AUTO_INCREMENT, AUTO_INCREMENT=11;

--
-- AUTO_INCREMENT untuk tabel `tb_semester`
--
ALTER TABLE `tb_semester`
  MODIFY `id_semester` int(11) NOT NULL AUTO_INCREMENT, AUTO_INCREMENT=16;

--
-- AUTO_INCREMENT untuk tabel `tb_siswa`
--
ALTER TABLE `tb_siswa`
  MODIFY `id_siswa` int(11) NOT NULL AUTO_INCREMENT, AUTO_INCREMENT=14;

--
-- AUTO_INCREMENT untuk tabel `tb_thajaran`
--
ALTER TABLE `tb_thajaran`
  MODIFY `id_thajaran` int(11) NOT NULL AUTO_INCREMENT, AUTO_INCREMENT=9;

--
-- AUTO_INCREMENT untuk tabel `tb_walikelas`
--
ALTER TABLE `tb_walikelas`
  MODIFY `id_walikelas` int(11) NOT NULL AUTO_INCREMENT, AUTO_INCREMENT=7;

--
-- AUTO_INCREMENT untuk tabel `_logabsensi`
--
ALTER TABLE `_logabsensi`
  MODIFY `id_presensi` int(11) NOT NULL AUTO_INCREMENT, AUTO_INCREMENT=27;
COMMIT;

/*!40101 SET CHARACTER_SET_CLIENT=@OLD_CHARACTER_SET_CLIENT */;
/*!40101 SET CHARACTER_SET_RESULTS=@OLD_CHARACTER_SET_RESULTS */;
/*!40101 SET COLLATION_CONNECTION=@OLD_COLLATION_CONNECTION */;
